episode,episode_length,episode_reward,episode_success,frame,reward_std,step,success_rate,total_time
50.0,200.0,-69.27064499844425,0.0,10000,41.87520388989413,10000.0,0.0,16.772507190704346
100.0,200.0,74.75595080582087,0.0,20000,83.00091429527514,20000.0,0.0,34.28823232650757
150.0,200.0,115.35314802667938,0.0,30000,59.067852533760956,30000.0,0.0,55.401947021484375
