episode,episode_length,episode_reward,episode_success,frame,reward_std,step,success_rate,total_time
326.0,123.8,522.3495714763254,0.8,60000,246.78502851696396,60000.0,0.8,10.609364986419678
971.0,110.6,345.6037685813536,0.6,120000,429.7291175324922,120000.0,0.6,21.65018320083618
1701.0,107.0,151.52126299242522,0.6,180000,620.2566563503404,180000.0,0.6,32.29821515083313
1921.0,121.5,277.352264074329,0.5,200000,437.94154820714647,200000.0,0.5,35.83247113227844
