actor_loss,buffer_size,clip_fraction,critic_loss,entropy,episode,episode_length,episode_reward,episode_success,epoch_time,fps,frame,kl_divergence,step,total_time,training_iterations
-0.03562724590301514,40000.0,0.34632501006126404,23180.61328125,3.676952362060547,200.99750623441398,200.0,-363.26295076831957,0.0,14.409215927124023,5552.00230217991,80000,0.02435171976685524,40199.50124688279,14.409527063369751,2.0
-0.0442335419356823,40000.0,0.22714999318122864,12553.306640625,3.6813395023345947,600.997506234414,200.0,-248.0191025066524,0.0,15.096686840057373,5299.175961425452,160000,0.015882957726716995,120199.50124688279,29.507050037384033,5.0
-0.04415452852845192,40000.0,0.20937499403953552,3985.896728515625,3.684921979904175,1000.997506234414,200.0,-114.30016472530919,0.0,15.668592691421509,5105.755288654588,240000,0.015060978941619396,200199.5012468828,45.176700830459595,5.0
-0.04122687131166458,40000.0,0.21780000627040863,692.2211303710938,3.6880531311035156,1400.997506234414,200.0,-14.28985431389877,0.0,15.258737802505493,5242.8976128591685,320000,0.015311973169445992,280199.5012468828,60.436574935913086,4.0
-0.046829573810100555,40000.0,0.1069749966263771,501.51275634765625,3.6913256645202637,1800.997506234414,200.0,28.22907843582259,0.0,18.589860916137695,4303.421115461531,400000,0.00826804619282484,360199.5012468828,79.02736592292786,20.0
-0.04492678493261337,40000.0,0.11541250348091125,622.8015747070312,3.686650037765503,2200.997506234414,200.0,56.01968173683581,0.0,18.604226112365723,4300.098242023955,480000,0.008854522369801998,440199.5012468828,97.72517609596252,20.0
0.0,10100.0,0.0,0.0,0.0,2450.5,200.0,63.73859256581447,0.0,0.0,0.0,500000,0.0,490100.0,0.0,0.0
