episode,episode_length,episode_reward,episode_success,frame,reward_std,step,success_rate,total_time
324.0,137.0,356.6297524179205,1.0,60000,17.385099691640875,60000.0,1.0,10.577651023864746
1082.0,112.6,-44.11918718881516,0.6,120000,498.1128619898451,120000.0,0.6,21.241623878479004
1949.0,71.8,138.77062819358073,0.8,180000,433.21027464176325,180000.0,0.8,31.730639934539795
2381.0,41.7,355.09649288714746,1.0,200000,1.706346386613076,200000.0,1.0,35.58201885223389
