episode,episode_length,episode_reward,episode_success,frame,reward_std,step,success_rate,total_time
2000.0,200.0,73.24385082219108,0.0,400000,13.37141170281818,400000.0,0.0,87.2721860408783
2500.0,200.0,53.515673362024906,0.0,500000,7.500749894786006,500000.0,0.0,109.9455418586731
