episode,episode_length,episode_reward,episode_success,frame,reward_std,step,success_rate,total_time
383.0,121.0,320.2677320421683,0.6,60000,231.18115068458263,60000.0,0.6,10.883949995040894
1013.0,82.0,431.56024534471834,0.8,120000,156.7675071775438,120000.0,0.8,21.643857717514038
1740.0,45.2,507.06809032197333,1.0,180000,1.945885253937499,180000.0,1.0,32.14895987510681
2024.0,74.2,347.96647421801555,0.8,200000,351.4986638268729,200000.0,0.8,35.96926784515381
