episode,episode_length,episode_reward,episode_success,frame,reward_std,step,success_rate,total_time
200.0,200.0,55.19553911706078,0.0,40000,31.6885491490324,40000.0,0.0,8.082371950149536
400.0,200.0,80.40243472119049,0.0,80000,13.466475413838412,80000.0,0.0,17.361438035964966
600.0,200.0,86.43836555843488,0.0,120000,6.264295238691014,120000.0,0.0,26.52970600128174
800.0,200.0,13.02531226439161,0.0,160000,90.60309657276926,160000.0,0.0,35.6064031124115
1000.0,200.0,79.92408490977444,0.0,200000,8.668811252095926,200000.0,0.0,44.78397798538208
1000.0,200.0,84.24398869413511,0.0,200000,10.913153237994466,200000.0,0.0,44.982956886291504
