episode,episode_length,episode_reward,episode_success,frame,reward_std,step,success_rate,total_time
200.0,200.0,55.19553911706078,0.0,40000,31.6885491490324,40000.0,0.0,8.34266185760498
400.0,200.0,144.51753628210125,0.0,80000,1.6144467226544439,80000.0,0.0,19.50037980079651
600.0,200.0,138.02845832541325,0.0,120000,8.771010602994453,120000.0,0.0,30.47075891494751
800.0,200.0,106.50848944531583,0.0,160000,18.89016840799416,160000.0,0.0,39.302680015563965
1000.0,200.0,133.60154769336862,0.0,200000,2.3885603555555295,200000.0,0.0,48.54880881309509
1000.0,200.0,133.92509622816135,0.0,200000,7.0518749502201645,200000.0,0.0,48.742841720581055
