actor_loss,critic_loss,episode,episode_length,episode_reward,fps,frame,policy_ratio,step,success_rate,total_time
0.0021565005532465874,0.0001073060062946496,8.0,455.1111111111111,-0.017282447786251307,0.17522427229777765,4096,1.0019584229215979,4096.0,0.0,51.36274719238281
-0.0013594713876955212,0.003071047268122129,16.0,455.1111111111111,-0.06208195567607105,0.03254429001369111,8192,1.0013451490551233,8192.0,0.0,327.90895819664
