episode,episode_length,episode_reward,episode_success,frame,reward_std,step,success_rate,total_time
200.0,200.0,52.67393171803846,0.0,40000,32.0865793556715,40000.0,0.0,7.9362709522247314
400.0,200.0,48.76953915108459,0.0,80000,28.144862251881957,80000.0,0.0,17.11560606956482
600.0,200.0,42.781609175428,0.0,120000,8.411261526596359,120000.0,0.0,26.709974765777588
800.0,200.0,39.45790469506454,0.0,160000,2.079086686166534,160000.0,0.0,35.46892714500427
1002.0,200.0,40.618894688076296,0.0,200000,7.62481019535816,200000.0,0.0,43.98106789588928
1002.0,200.0,37.594383429560104,0.0,200000,3.3142469082042454,200000.0,0.0,44.18619894981384
