episode,episode_length,episode_reward,episode_success,frame,reward_std,step,success_rate,total_time
200.0,200.0,55.795907810205854,0.0,40000,32.08513278360762,40000.0,0.0,7.995383024215698
400.0,200.0,173.20849345842353,0.0,80000,8.417492647498529,80000.0,0.0,17.281572818756104
600.0,200.0,139.87895883465427,0.0,120000,6.7754730793110225,120000.0,0.0,26.544994831085205
801.0,200.0,133.54394349127662,0.0,160000,15.10070933065012,160000.0,0.0,35.207789182662964
1035.0,109.33333333333333,662.356530000587,1.0,200000,5.63504966629171,200000.0,1.0,42.574902057647705
1035.0,166.0,657.0054359869061,1.0,200000,11.979925584000195,200000.0,1.0,42.736504793167114
